{"global_step": 999424, "_timestamp": 1744516633.2273526, "_runtime": 2311.820323705673, "_step": 1306, "charts/episodic_return": 19848.46484375, "charts/episodic_length": 1888.0, "charts/learning_rate": 4.9180325731867924e-06, "losses/value_loss": 0.004014650825411081, "losses/policy_loss": -0.0029998496174812317, "losses/old_approx_kl": 8.431263267993927e-05, "losses/entropy": 15.655891418457031, "losses/clipfrac": 0.0, "losses/explained_variance": 0.9120495915412903, "losses/approx_kl": 0.0006323573179543018, "charts/SPS": 437.0, "_wandb": {"runtime": 2309}}